,text
0,"The following is a press release submitted to SOURCE media from its business wire *service*. ***. NATICK – Fabletics last week announced a strategic, long-term ..."
1,B.O.S.S. Fitness CEO talks of moving from prison to business owner.
2,"The holidays are right around the corner, so we're preparing for the cozier months with gear we can road test outside in cooler temps, kitchen appliances and ..."
3,"You can now, sip, stroll and get swole in Shirlington. The Village at Shirlington, which was just approved for Arlington's first permit allowing alcohol."
4,"Gyms were forced to shut down in March 2020 to try to curb the spread of Covid-19, crippling the fitness industry, which is a $32 billion market in the U.S.."
5,We have plenty of workout *content* here on T3 but this 12-minute boxing workout got us excited nevertheless. We worked with ex-heavyweight boxer Ed ...
6,"Determined to help people succeed in their health and wellness journey, Milica Todovic has started to build her fitness empire. She has devoted much of her ..."
7,"Global Functional Fitness Equipment market report offers a precise outline of the market that includes many aspects of market product definition, market ..."
8,"In 2002, CrossFit founder and former CEO Greg Glassman explained his definition of fitness. Glassman wrote in the CrossFit Journal, that “CrossFit is not a ..."
9,"Smiling even before the Zoom room filled, Mike Chen was excited to talk about his experiences as he patiently waited out Seoul's two-week quarantine."
10,An Overview of the Market. Decisive Markets Insights publishes an in depth report Global Functional Fitness Equipment Market. The report estimates both the ...
11,"Awesome apparel, equipment, supplements and more at every price point."
12,Emerald Hill Elementary School teachers and staff members came together for a morning of fun and fitness during the inaugural Emerald Hill Elementary Virtual ...
13,Inspiration sparked by a magazine article has now helped around 120 people with Parkinson's and Alzheimer's diseases in the Aiken area. Day One Fitness is a ...
14,JCMR recently Announced Mobile Sports and Fitness Ecosystems study with 200+ market data Tables and Figures spread through Pages and easy to ...
15,Long gone feel the nights of dancing the hours away in a club or bar with your friends. But a new boutique fitness studio in Tower Grove might safely provide an ...
16,"Overview for “Sports and Fitness Nutrition Market” Helps in providing scope and definitions, Key Findings, Growth Drivers, and Various Dynamics. The global ..."
17,"The Global Fitness Bikes Market will be analyzed on the basis of key market vendors, their product benchmarking, SWOT analysis, and company's financial data ..."
18,"The University of Illinois extension serving Coles, Cumberland, Douglas, Moultrie and Shelby counties is hosting a Wits Fitness brain exercise class using the ..."
19,West Indies legend Clive Lloyd believes fitness is an area West Indies should improve on as they prepare to head into their series against New Zealand.
20,"Anna Kaiser, the founder of AKT, sold her brand to Xponential Fitness before the pandemic. Now she wants it back."
21,"Under Armour is set to sell the MyFitnessPal platform to Francisco Partners for about $345 million, the company announced Friday."
22,"Data Bridge market research with the market statistics mentioned in the Activity Tracking Fitness App Market report, it has become possible to gain global ..."
23,"Breast Cancer Awareness Month isn't over just yet, and one fitness studio in Charlottesville is trying to raise money for research and treatment through cycling."
24,Move United claim to have offered more than 1000 virtual programmes to individuals with physical disabilities in a bid to improve health and fitness.
25,"Whoop has closed a $100 million Series E Financing round, valuing the company at $1.2 billion."
26,Gold: Empower Fitness. Empower Fitness is creating a whole new approach to health and fitness through customer *service* and attention to their needs.
27,Stefanos Tsitsipas discusses his physical condition and reflects on his favourite memories from his title run at the 2019 Nitto ATP Finals. Watch live tennis ...
28,"Is the perfect partner someone whose speed, strength and endurance are similar to yours? Or is someone a little faster, stronger and fitter a better match?"
29,"Wouldn't it be nice if our posture was always perfect, vertical and symmetrically balanced? Yet, as in life, it's never that way."
30,Following some feel-good fitness Instagram accounts can help motivate you if working out is the way you de-stress and care for yourself during these chaotic ...
31,"Global Gym/Club Fitness Trackers Market 2020 by Manufacturers, Regions, Type and Application, Forecast to 2025 concretes the best results, integrated."
32,"Starting Monday, Nov. 2, at 9 a.m. PT/12 p.m. ET, we're offering another week's worth of live workouts on POPSUGAR Fitness's Instagram and YouTube!"
33,"Love Philly? Sign up for the free Billy Penn email newsletter to get everything you need to know about Philadelphia, every day."
34,"FARMINGTON - The University of Maine at Farmington Fitness & Recreation Center is pleased to announce new weekend hours. Beginning this weekend, Sat, ..."
35,Fitness Market research report is the new statistical data source added by A2Z Market Research. “Fitness Market is growing at a High CAGR during the forecast ...
36,GUILFORD -- Friends of Community Fitness has announced the hire of new executive director Britney Gallagher of Dover-Foxcroft. After interviewing several ...
37,Indoor Sportswear and Fitness Apparel (COVID-19 Version) Market 2020 Overview: Reports Monitor has recently added a new report to its vast depository titled ...
38,US-based fitness brand P.volve has designed its workout programmes so they can be done anywhere. And behind all of the training is a simple idea: workouts ...
39,A Broward County Planet Fitness is flooded out and deemed unsafe after a water main break in the middle of the night.
40,Fitness Trackers And Watches Market 2020 this report is including with the COVID19 Outbreak Impact analysis of key points influencing the growth of the market.
41,"Check out episode 5 of our series, ""Fitness with Averee,"" in which we demonstrate and explain the benefits of a push up for your golf game."
42,"Amid a pandemic that has closed down fitness centers worldwide, a spate of companies has muscled their way into the booming at-home fitness market."
43,"The latest research report on the “Fitness and Recreational Sports Centers Market – Industry Analysis, Market Size, Opportunities and Forecast, 2020 – 2028” ..."
44,"Q: My husband caught a cold this summer, and he swears the readings from his fitness tracker a few days before warned him that he was about to be sick."
45,"If you're a home gym warrior, you may be able to augment your equipment with news that Tilton Fitness locations will be auctioning off their gear. Tilton Fitness ..."
46,"PRNewswire/ -- SPENGA, a workout studio that combines spin, strength and yoga in one 60-minute session, is pleased to announce the opening of its newest..."
47,His leg-wrestling bluster is not enough to dispel suspicions that Covid-19 has critically diminished the PM.
48,"Top-notch fitness isn't as easy to access as you think. Fitness deserts, areas where gym facilities and quality trainers are in short supply, are an issue throughout ..."
49,"Despite the well-documented health benefits of something as simple as walking, most adults in the United States aren't getting enough exercise. And the ..."
